id;code;name;description;update_time;status
1;Via Louisiana Markets;Open-architected copy Portugal;Borders;2020-09-28T06:03:48;false
2;Consultant Plastic Music;turquoise;Tokelau Nevada bus;2020-09-27T11:16:35;false
3;Granite teal compress;Incredible Frozen Chicken customer loyalty portals;Garden gold;2020-09-28T05:38:47;true
4;Human Fresh;programming;Sharable;2020-09-28T03:00:57;false
5;Concrete compressing payment;Division;Expressway;2020-09-27T17:36:34;true
6;Branding parse holistic;portal Strategist deposit;salmon;2020-09-27T23:52:15;false
7;Accountability;capacitor haptic Denar;Tunisia;2020-09-28T01:04:35;false
8;synthesizing productize Licensed Metal Bacon;Licensed Keyboard Utah;Mississippi quantify Investment Account;2020-09-28T01:55:43;true
9;Administrator Investment Account Meadows;Port;Persistent mint green;2020-09-28T10:13:06;true
10;Gorgeous;Health;Jewelery;2020-09-27T19:39:56;true
