id;name;type;value;description;ord;update_time;status
1;schemas Bedfordshire;Universal Metal solid state;Avon Chicken Plaza;Nigeria Frozen Borders;76676;2020-11-02T04:17:24;false
2;withdrawal Robust;Incredible Directives Neck;calculate Mouse Architect;Sleek;97660;2020-11-02T10:28:32;false
3;neutral;bus;alarm sticky technologies;platforms Shirt;32029;2020-11-02T16:15:03;false
4;Soap open-source;CSS;Decentralized United Arab Emirates 24 hour;invoice;18726;2020-11-02T12:13:45;true
5;Licensed bypassing SQL;Jewelery B2B policy;National Trafficway Intelligent;backing up circuit input;60650;2020-11-02T11:50:53;true
6;Optimization Fresh;Nicaragua HDD;navigating Configuration feed;Tools card Spur;6990;2020-11-02T14:16:01;true
7;programming incremental;Sleek Cotton Car;Salad;Tuna Kiribati;95462;2020-11-02T13:10:24;true
8;Money Market Account Arizona;attitude;hack;generate;36331;2020-11-02T03:36:49;true
9;New Hampshire Savings Account;HDD Bangladesh Course;synergistic;withdrawal Leone;49291;2020-11-02T17:00:54;true
10;Saint Vincent and the Grenadines;utilize invoice Kansas;AGP;Portugal Ergonomic;7017;2020-11-01T23:45:34;false
