id;code;name;tel;email;description;update_time
1;Isle;Fantastic;connecting Personal Loan Accou;Mac_Larson@yahoo.com;backing up Rue;2020-09-26T21:50:20
2;Generic Enterprise-wide Frozen;monitor teal Auto Loan Account;Handcrafted Executive matrix;Hank_Kiehn1@yahoo.com;drive;2020-09-26T08:20:28
3;Small;Ball enable panel;Configuration;Kattie93@hotmail.com;Fantastic Rubber Chips invoice Road;2020-09-26T23:53:36
4;Buckinghamshire Refined Fresh Towels Chilean Peso Unidades de fomento;Haven Handcrafted;Philippines;Eliza50@hotmail.com;Computer China;2020-09-26T18:16:36
5;convergence Graphic Interface middleware;compressing viral;platforms Grass-roots;Savanna_Bergnaum49@gmail.com;Investment Account content plum;2020-09-26T23:13:59
6;Re-contextualized;AI;copying;Katlynn_Torp82@yahoo.com;Borders definition;2020-09-27T01:51:32
7;Granite;quantify;morph;Beaulah.Gottlieb@yahoo.com;Refined Cotton Sausages Solomon Islands Dollar;2020-09-27T05:41:52
8;plug-and-play;firewall Savings Account redundant;monetize THX;Lauriane.Upton@yahoo.com;Libyan Arab Jamahiriya;2020-09-26T19:03:15
9;Customizable viral array;transmit Buckinghamshire;Rubber synthesize Tanzanian Sh;Dulce.Vandervort@gmail.com;Response bleeding-edge harness;2020-09-26T13:31:16
10;Keyboard Executive;target communities Toys;Intelligent Granite Hat;Eliane.Sanford@hotmail.com;Avon;2020-09-26T14:30:07
